scenario,unit_id,epoch,repeat,vote,latency_s,tokens,raw
0,HSF15_cooler_transformer_e7379,11,0,PRUNE,3.0271519999951124,319,DECISION: PRUNE
0,HSF15_cooler_transformer_e7379,11,1,PRUNE,0.8502375999814831,319,DECISION: PRUNE
0,HSF15_cooler_transformer_e7379,11,2,PRUNE,0.8649312000488862,319,DECISION: PRUNE
0,HSF15_cooler_transformer_e7379,11,3,PRUNE,0.8600456999847665,319,DECISION: PRUNE
0,HSF15_cooler_transformer_e7379,11,4,PRUNE,0.8468936000135727,319,DECISION: PRUNE
0,HSF15_cooler_transformer_e7379,11,5,PRUNE,0.8554364999872632,319,DECISION: PRUNE
0,HSF15_cooler_transformer_e7379,11,6,PRUNE,0.8819899000227451,319,DECISION: PRUNE
0,HSF15_cooler_transformer_e7379,11,7,PRUNE,0.8340811000089161,319,DECISION: PRUNE
1,HSF15_cooler_transformer_d2229,7,0,PRUNE,2.9896926999790594,319,DECISION: PRUNE
1,HSF15_cooler_transformer_d2229,7,1,PRUNE,0.8629051999887452,319,DECISION: PRUNE
1,HSF15_cooler_transformer_d2229,7,2,PRUNE,0.8550756999757141,319,DECISION: PRUNE
1,HSF15_cooler_transformer_d2229,7,3,PRUNE,1.2346326999831945,319,DECISION: PRUNE
1,HSF15_cooler_transformer_d2229,7,4,PRUNE,0.8532415999798104,319,DECISION: PRUNE
1,HSF15_cooler_transformer_d2229,7,5,PRUNE,0.8431918999995105,319,DECISION: PRUNE
1,HSF15_cooler_transformer_d2229,7,6,PRUNE,0.86660310003208,319,DECISION: PRUNE
1,HSF15_cooler_transformer_d2229,7,7,PRUNE,0.858399200020358,319,DECISION: PRUNE
2,HSF15_cooler_transformer_e81ec,18,0,PRUNE,2.9974192999652587,319,DECISION: PRUNE
2,HSF15_cooler_transformer_e81ec,18,1,PRUNE,0.8537321999901906,319,DECISION: PRUNE
2,HSF15_cooler_transformer_e81ec,18,2,PRUNE,0.8510205000056885,319,DECISION: PRUNE
2,HSF15_cooler_transformer_e81ec,18,3,PRUNE,0.8602692999993451,319,DECISION: PRUNE
2,HSF15_cooler_transformer_e81ec,18,4,PRUNE,0.8661969999666326,319,DECISION: PRUNE
2,HSF15_cooler_transformer_e81ec,18,5,PRUNE,0.8653089999570511,319,DECISION: PRUNE
2,HSF15_cooler_transformer_e81ec,18,6,PRUNE,0.8398333000368439,319,DECISION: PRUNE
2,HSF15_cooler_transformer_e81ec,18,7,PRUNE,0.8537601999705657,319,DECISION: PRUNE
3,HSF15_cooler_rnn_0f390,15,0,PRUNE,3.0076565000345,319,DECISION: PRUNE
3,HSF15_cooler_rnn_0f390,15,1,PRUNE,0.8466278000269085,319,DECISION: PRUNE
3,HSF15_cooler_rnn_0f390,15,2,PRUNE,0.8525396000477485,319,DECISION: PRUNE
3,HSF15_cooler_rnn_0f390,15,3,PRUNE,0.8607284000026993,319,DECISION: PRUNE
3,HSF15_cooler_rnn_0f390,15,4,PRUNE,0.8484910000115633,319,DECISION: PRUNE
3,HSF15_cooler_rnn_0f390,15,5,PRUNE,0.854973700013943,319,DECISION: PRUNE
3,HSF15_cooler_rnn_0f390,15,6,PRUNE,0.8439483999973163,319,DECISION: PRUNE
3,HSF15_cooler_rnn_0f390,15,7,PRUNE,0.8404949000105262,319,DECISION: PRUNE
4,HSF15_cooler_fcn_3e03e,29,0,PRUNE,3.0019636999932118,319,DECISION: PRUNE
4,HSF15_cooler_fcn_3e03e,29,1,PRUNE,0.8567963999812491,319,DECISION: PRUNE
4,HSF15_cooler_fcn_3e03e,29,2,PRUNE,0.8423302000155672,319,DECISION: PRUNE
4,HSF15_cooler_fcn_3e03e,29,3,PRUNE,0.84387229999993,319,DECISION: PRUNE
4,HSF15_cooler_fcn_3e03e,29,4,PRUNE,0.8536684999708086,319,DECISION: PRUNE
4,HSF15_cooler_fcn_3e03e,29,5,PRUNE,0.8583720000460744,319,DECISION: PRUNE
4,HSF15_cooler_fcn_3e03e,29,6,PRUNE,0.8510749000124633,319,DECISION: PRUNE
4,HSF15_cooler_fcn_3e03e,29,7,PRUNE,0.8495196999865584,319,DECISION: PRUNE
5,HSF15_cooler_transformer_145d6,12,0,PRUNE,3.0027035999810323,319,DECISION: PRUNE
5,HSF15_cooler_transformer_145d6,12,1,PRUNE,0.8634675000212155,319,DECISION: PRUNE
5,HSF15_cooler_transformer_145d6,12,2,PRUNE,0.8556162999593653,319,DECISION: PRUNE
5,HSF15_cooler_transformer_145d6,12,3,PRUNE,0.8332178000127897,319,DECISION: PRUNE
5,HSF15_cooler_transformer_145d6,12,4,PRUNE,0.8532353000482544,319,DECISION: PRUNE
5,HSF15_cooler_transformer_145d6,12,5,PRUNE,0.8324644000385888,319,DECISION: PRUNE
5,HSF15_cooler_transformer_145d6,12,6,PRUNE,0.8456233000033535,319,DECISION: PRUNE
5,HSF15_cooler_transformer_145d6,12,7,PRUNE,0.8689795000245795,319,DECISION: PRUNE
6,HSF15_cooler_transformer_d9df6,3,0,CONTINUE,2.6989074000157416,307,DECISION: CONTINUE
6,HSF15_cooler_transformer_d9df6,3,1,CONTINUE,0.8409474999643862,307,DECISION: CONTINUE
6,HSF15_cooler_transformer_d9df6,3,2,CONTINUE,0.8507341000367887,307,DECISION: CONTINUE
6,HSF15_cooler_transformer_d9df6,3,3,CONTINUE,0.8531960000400431,307,DECISION: CONTINUE
6,HSF15_cooler_transformer_d9df6,3,4,CONTINUE,0.8422850000206381,307,DECISION: CONTINUE
6,HSF15_cooler_transformer_d9df6,3,5,CONTINUE,0.8465016999980435,307,DECISION: CONTINUE
6,HSF15_cooler_transformer_d9df6,3,6,CONTINUE,0.8437455999664962,307,DECISION: CONTINUE
6,HSF15_cooler_transformer_d9df6,3,7,CONTINUE,0.8496367000043392,307,DECISION: CONTINUE
7,HSF15_cooler_transformer_1a900,12,0,PRUNE,3.0119586000218987,319,DECISION: PRUNE
7,HSF15_cooler_transformer_1a900,12,1,PRUNE,0.8708774999831803,319,DECISION: PRUNE
7,HSF15_cooler_transformer_1a900,12,2,PRUNE,0.8606726999860257,319,DECISION: PRUNE
7,HSF15_cooler_transformer_1a900,12,3,PRUNE,0.8608704999787733,319,DECISION: PRUNE
7,HSF15_cooler_transformer_1a900,12,4,PRUNE,0.8508312999620102,319,DECISION: PRUNE
7,HSF15_cooler_transformer_1a900,12,5,PRUNE,0.8467747999820858,319,DECISION: PRUNE
7,HSF15_cooler_transformer_1a900,12,6,PRUNE,0.8546662000007927,319,DECISION: PRUNE
7,HSF15_cooler_transformer_1a900,12,7,PRUNE,0.8464902999694459,319,DECISION: PRUNE
8,HSF15_cooler_rnn_69df8,14,0,PRUNE,3.000599999970291,319,DECISION: PRUNE
8,HSF15_cooler_rnn_69df8,14,1,PRUNE,0.8509497999912128,319,DECISION: PRUNE
8,HSF15_cooler_rnn_69df8,14,2,PRUNE,0.8462413999950513,319,DECISION: PRUNE
8,HSF15_cooler_rnn_69df8,14,3,PRUNE,0.8516033999621868,319,DECISION: PRUNE
8,HSF15_cooler_rnn_69df8,14,4,PRUNE,0.846258899953682,319,DECISION: PRUNE
8,HSF15_cooler_rnn_69df8,14,5,PRUNE,0.8381360999774188,319,DECISION: PRUNE
8,HSF15_cooler_rnn_69df8,14,6,PRUNE,0.8287986000068486,319,DECISION: PRUNE
8,HSF15_cooler_rnn_69df8,14,7,PRUNE,0.8326822999515571,319,DECISION: PRUNE
9,HSF15_cooler_rnn_163a5,6,0,PRUNE,2.988636400026735,319,DECISION: PRUNE
9,HSF15_cooler_rnn_163a5,6,1,PRUNE,0.8581776000210084,319,DECISION: PRUNE
9,HSF15_cooler_rnn_163a5,6,2,PRUNE,0.8539006999926642,319,DECISION: PRUNE
9,HSF15_cooler_rnn_163a5,6,3,PRUNE,0.8840581999975257,319,DECISION: PRUNE
9,HSF15_cooler_rnn_163a5,6,4,PRUNE,0.8528755999868736,319,DECISION: PRUNE
9,HSF15_cooler_rnn_163a5,6,5,PRUNE,0.848292299953755,319,DECISION: PRUNE
9,HSF15_cooler_rnn_163a5,6,6,PRUNE,0.8539179999497719,319,DECISION: PRUNE
9,HSF15_cooler_rnn_163a5,6,7,PRUNE,0.8481356999836862,319,DECISION: PRUNE
10,HSF15_cooler_rnn_9854a,47,0,PRUNE,3.000658300006762,319,DECISION: PRUNE
10,HSF15_cooler_rnn_9854a,47,1,PRUNE,0.8463698999839835,319,DECISION: PRUNE
10,HSF15_cooler_rnn_9854a,47,2,PRUNE,0.8651538999984041,319,DECISION: PRUNE
10,HSF15_cooler_rnn_9854a,47,3,PRUNE,0.8679639999754727,319,DECISION: PRUNE
10,HSF15_cooler_rnn_9854a,47,4,PRUNE,0.8464515999658033,319,DECISION: PRUNE
10,HSF15_cooler_rnn_9854a,47,5,PRUNE,0.8592376000015065,319,DECISION: PRUNE
10,HSF15_cooler_rnn_9854a,47,6,PRUNE,0.8723341000149958,319,DECISION: PRUNE
10,HSF15_cooler_rnn_9854a,47,7,PRUNE,0.8442516999784857,319,DECISION: PRUNE
11,HSF15_cooler_rnn_6f220,3,0,PRUNE,2.7176807000068948,307,DECISION: PRUNE
11,HSF15_cooler_rnn_6f220,3,1,PRUNE,0.8662382999900728,307,DECISION: PRUNE
11,HSF15_cooler_rnn_6f220,3,2,PRUNE,0.8848437999840826,307,DECISION: PRUNE
11,HSF15_cooler_rnn_6f220,3,3,PRUNE,0.8827539999620058,307,DECISION: PRUNE
11,HSF15_cooler_rnn_6f220,3,4,PRUNE,0.8705416999873705,307,DECISION: PRUNE
11,HSF15_cooler_rnn_6f220,3,5,PRUNE,0.8403391999891028,307,DECISION: PRUNE
11,HSF15_cooler_rnn_6f220,3,6,PRUNE,0.8312901000026613,307,DECISION: PRUNE
11,HSF15_cooler_rnn_6f220,3,7,PRUNE,0.8723284999723546,307,DECISION: PRUNE
12,HSF15_cooler_fcn_f4965,6,0,PRUNE,3.011631999979727,319,DECISION: PRUNE
12,HSF15_cooler_fcn_f4965,6,1,PRUNE,0.8829824999556877,319,DECISION: PRUNE
12,HSF15_cooler_fcn_f4965,6,2,PRUNE,0.8473004000261426,319,DECISION: PRUNE
12,HSF15_cooler_fcn_f4965,6,3,PRUNE,0.862925700028427,319,DECISION: PRUNE
12,HSF15_cooler_fcn_f4965,6,4,PRUNE,0.8640511999838054,319,DECISION: PRUNE
12,HSF15_cooler_fcn_f4965,6,5,PRUNE,0.8596495999954641,319,DECISION: PRUNE
12,HSF15_cooler_fcn_f4965,6,6,PRUNE,0.8564858000027016,319,DECISION: PRUNE
12,HSF15_cooler_fcn_f4965,6,7,PRUNE,0.8538608000380918,319,DECISION: PRUNE
13,HSF15_cooler_transformer_dd64a,14,0,PRUNE,2.98614059999818,319,DECISION: PRUNE
13,HSF15_cooler_transformer_dd64a,14,1,PRUNE,0.8552150999894366,319,DECISION: PRUNE
13,HSF15_cooler_transformer_dd64a,14,2,PRUNE,0.8702200999832712,319,DECISION: PRUNE
13,HSF15_cooler_transformer_dd64a,14,3,PRUNE,0.8470344000379555,319,DECISION: PRUNE
13,HSF15_cooler_transformer_dd64a,14,4,PRUNE,0.8540862999507226,319,DECISION: PRUNE
13,HSF15_cooler_transformer_dd64a,14,5,PRUNE,0.9168269999790937,319,DECISION: PRUNE
13,HSF15_cooler_transformer_dd64a,14,6,PRUNE,0.86728890001541,319,DECISION: PRUNE
13,HSF15_cooler_transformer_dd64a,14,7,PRUNE,0.8663794999592938,319,DECISION: PRUNE
14,HSF15_cooler_rnn_f2e1c,20,0,PRUNE,2.9900784000055864,319,DECISION: PRUNE
14,HSF15_cooler_rnn_f2e1c,20,1,PRUNE,1.1032384999562055,319,DECISION: PRUNE
14,HSF15_cooler_rnn_f2e1c,20,2,PRUNE,0.8422064000042155,319,DECISION: PRUNE
14,HSF15_cooler_rnn_f2e1c,20,3,PRUNE,0.8401291000191122,319,DECISION: PRUNE
14,HSF15_cooler_rnn_f2e1c,20,4,PRUNE,0.8418509000330232,319,DECISION: PRUNE
14,HSF15_cooler_rnn_f2e1c,20,5,PRUNE,0.8428112000110559,319,DECISION: PRUNE
14,HSF15_cooler_rnn_f2e1c,20,6,PRUNE,0.8817676000180654,319,DECISION: PRUNE
14,HSF15_cooler_rnn_f2e1c,20,7,PRUNE,0.847785499994643,319,DECISION: PRUNE
15,HSF15_cooler_fcn_a85ee,20,0,PRUNE,3.006902799999807,319,DECISION: PRUNE
15,HSF15_cooler_fcn_a85ee,20,1,PRUNE,0.8613240999984555,319,DECISION: PRUNE
15,HSF15_cooler_fcn_a85ee,20,2,PRUNE,0.8647865999955684,319,DECISION: PRUNE
15,HSF15_cooler_fcn_a85ee,20,3,PRUNE,0.83581520000007,319,DECISION: PRUNE
15,HSF15_cooler_fcn_a85ee,20,4,PRUNE,0.8513364999671467,319,DECISION: PRUNE
15,HSF15_cooler_fcn_a85ee,20,5,PRUNE,0.8480361999827437,319,DECISION: PRUNE
15,HSF15_cooler_fcn_a85ee,20,6,PRUNE,0.8496760999551043,319,DECISION: PRUNE
15,HSF15_cooler_fcn_a85ee,20,7,PRUNE,0.8712934000068344,319,DECISION: PRUNE
16,HSF15_cooler_rnn_70e27,30,0,PRUNE,2.9764305000426248,319,DECISION: PRUNE
16,HSF15_cooler_rnn_70e27,30,1,PRUNE,0.8498845999711193,319,DECISION: PRUNE
16,HSF15_cooler_rnn_70e27,30,2,PRUNE,0.8789668999961577,319,DECISION: PRUNE
16,HSF15_cooler_rnn_70e27,30,3,PRUNE,0.8727698000147939,319,DECISION: PRUNE
16,HSF15_cooler_rnn_70e27,30,4,PRUNE,0.8691964999889024,319,DECISION: PRUNE
16,HSF15_cooler_rnn_70e27,30,5,PRUNE,0.8525989000336267,319,DECISION: PRUNE
16,HSF15_cooler_rnn_70e27,30,6,PRUNE,0.8482074000057764,319,DECISION: PRUNE
16,HSF15_cooler_rnn_70e27,30,7,PRUNE,0.8798984999884851,319,DECISION: PRUNE
17,HSF15_cooler_transformer_140db,9,0,PRUNE,2.984018199960701,319,DECISION: PRUNE
17,HSF15_cooler_transformer_140db,9,1,PRUNE,0.8564074999885634,319,DECISION: PRUNE
17,HSF15_cooler_transformer_140db,9,2,PRUNE,0.8582174000330269,319,DECISION: PRUNE
17,HSF15_cooler_transformer_140db,9,3,PRUNE,0.8536432000109926,319,DECISION: PRUNE
17,HSF15_cooler_transformer_140db,9,4,PRUNE,0.8421619999571703,319,DECISION: PRUNE
17,HSF15_cooler_transformer_140db,9,5,PRUNE,0.8425550000392832,319,DECISION: PRUNE
17,HSF15_cooler_transformer_140db,9,6,PRUNE,0.8402885000105016,319,DECISION: PRUNE
17,HSF15_cooler_transformer_140db,9,7,PRUNE,0.8738710999605246,319,DECISION: PRUNE
18,HSF15_cooler_rnn_9ccc1,5,0,PRUNE,2.985139700002037,319,DECISION: PRUNE
18,HSF15_cooler_rnn_9ccc1,5,1,PRUNE,0.8403532999800518,319,DECISION: PRUNE
18,HSF15_cooler_rnn_9ccc1,5,2,PRUNE,0.8436825000098906,319,DECISION: PRUNE
18,HSF15_cooler_rnn_9ccc1,5,3,PRUNE,0.8471313000191003,319,DECISION: PRUNE
18,HSF15_cooler_rnn_9ccc1,5,4,PRUNE,0.8559159999713302,319,DECISION: PRUNE
18,HSF15_cooler_rnn_9ccc1,5,5,PRUNE,0.8685920999851078,319,DECISION: PRUNE
18,HSF15_cooler_rnn_9ccc1,5,6,PRUNE,0.8556643999763764,319,DECISION: PRUNE
18,HSF15_cooler_rnn_9ccc1,5,7,PRUNE,0.8450039000017568,319,DECISION: PRUNE
19,HSF15_cooler_mscnn_e517b,23,0,PRUNE,2.989564999996219,319,DECISION: PRUNE
19,HSF15_cooler_mscnn_e517b,23,1,PRUNE,0.857432399992831,319,DECISION: PRUNE
19,HSF15_cooler_mscnn_e517b,23,2,PRUNE,0.8461268999963067,319,DECISION: PRUNE
19,HSF15_cooler_mscnn_e517b,23,3,PRUNE,0.8489413000061177,319,DECISION: PRUNE
19,HSF15_cooler_mscnn_e517b,23,4,PRUNE,0.861053200031165,319,DECISION: PRUNE
19,HSF15_cooler_mscnn_e517b,23,5,PRUNE,0.8471298000076786,319,DECISION: PRUNE
19,HSF15_cooler_mscnn_e517b,23,6,PRUNE,0.8495261000352912,319,DECISION: PRUNE
19,HSF15_cooler_mscnn_e517b,23,7,PRUNE,0.9193112999782898,319,DECISION: PRUNE
20,HSF15_cooler_mscnn_ee0f7,3,0,CONTINUE,2.6978597000124864,307,DECISION: CONTINUE
20,HSF15_cooler_mscnn_ee0f7,3,1,CONTINUE,0.843663900042884,307,DECISION: CONTINUE
20,HSF15_cooler_mscnn_ee0f7,3,2,CONTINUE,0.9123566999915056,307,DECISION: CONTINUE
20,HSF15_cooler_mscnn_ee0f7,3,3,CONTINUE,0.8435501999920234,307,DECISION: CONTINUE
20,HSF15_cooler_mscnn_ee0f7,3,4,CONTINUE,0.8726137999910861,307,DECISION: CONTINUE
20,HSF15_cooler_mscnn_ee0f7,3,5,CONTINUE,0.8379906000336632,307,DECISION: CONTINUE
20,HSF15_cooler_mscnn_ee0f7,3,6,CONTINUE,0.8521684000152163,307,DECISION: CONTINUE
20,HSF15_cooler_mscnn_ee0f7,3,7,CONTINUE,0.8820998000446707,307,DECISION: CONTINUE
21,HSF15_cooler_mscnn_79312,9,0,PRUNE,3.014307599980384,319,DECISION: PRUNE
21,HSF15_cooler_mscnn_79312,9,1,PRUNE,0.8611706999945454,319,DECISION: PRUNE
21,HSF15_cooler_mscnn_79312,9,2,PRUNE,0.8410859999712557,319,DECISION: PRUNE
21,HSF15_cooler_mscnn_79312,9,3,PRUNE,0.8434435000526719,319,DECISION: PRUNE
21,HSF15_cooler_mscnn_79312,9,4,PRUNE,0.8659397000446916,319,DECISION: PRUNE
21,HSF15_cooler_mscnn_79312,9,5,PRUNE,0.859883799974341,319,DECISION: PRUNE
21,HSF15_cooler_mscnn_79312,9,6,PRUNE,0.8634978999616578,319,DECISION: PRUNE
21,HSF15_cooler_mscnn_79312,9,7,PRUNE,0.8532264999812469,319,DECISION: PRUNE
22,HSF15_cooler_fcn_bc9b3,23,0,PRUNE,2.998100999975577,319,DECISION: PRUNE
22,HSF15_cooler_fcn_bc9b3,23,1,PRUNE,0.8473382999654859,319,DECISION: PRUNE
22,HSF15_cooler_fcn_bc9b3,23,2,PRUNE,0.8639847999438643,319,DECISION: PRUNE
22,HSF15_cooler_fcn_bc9b3,23,3,PRUNE,0.83664419996785,319,DECISION: PRUNE
22,HSF15_cooler_fcn_bc9b3,23,4,PRUNE,0.8496957999886945,319,DECISION: PRUNE
22,HSF15_cooler_fcn_bc9b3,23,5,PRUNE,0.8516851000022143,319,DECISION: PRUNE
22,HSF15_cooler_fcn_bc9b3,23,6,PRUNE,0.8576853999984451,319,DECISION: PRUNE
22,HSF15_cooler_fcn_bc9b3,23,7,PRUNE,0.8550820000236854,319,DECISION: PRUNE
23,HSF15_cooler_transformer_f9253,23,0,PRUNE,3.0207344999653287,319,DECISION: PRUNE
23,HSF15_cooler_transformer_f9253,23,1,PRUNE,0.869090199994389,319,DECISION: PRUNE
23,HSF15_cooler_transformer_f9253,23,2,PRUNE,0.8402018999913707,319,DECISION: PRUNE
23,HSF15_cooler_transformer_f9253,23,3,PRUNE,0.8491725000203587,319,DECISION: PRUNE
23,HSF15_cooler_transformer_f9253,23,4,PRUNE,0.8809609999880195,319,DECISION: PRUNE
23,HSF15_cooler_transformer_f9253,23,5,PRUNE,0.8516203000326641,319,DECISION: PRUNE
23,HSF15_cooler_transformer_f9253,23,6,PRUNE,0.8405827000387944,319,DECISION: PRUNE
23,HSF15_cooler_transformer_f9253,23,7,PRUNE,0.8584845999721438,319,DECISION: PRUNE
24,HSF15_cooler_rnn_7a3d3,9,0,PRUNE,3.019242799957283,319,DECISION: PRUNE
24,HSF15_cooler_rnn_7a3d3,9,1,PRUNE,0.8550707999966107,319,DECISION: PRUNE
24,HSF15_cooler_rnn_7a3d3,9,2,PRUNE,0.8427224999759346,319,DECISION: PRUNE
24,HSF15_cooler_rnn_7a3d3,9,3,PRUNE,0.9278059999924153,319,DECISION: PRUNE
24,HSF15_cooler_rnn_7a3d3,9,4,PRUNE,0.8392041999613866,319,DECISION: PRUNE
24,HSF15_cooler_rnn_7a3d3,9,5,PRUNE,0.878444199974183,319,DECISION: PRUNE
24,HSF15_cooler_rnn_7a3d3,9,6,PRUNE,0.8405138999805786,319,DECISION: PRUNE
24,HSF15_cooler_rnn_7a3d3,9,7,PRUNE,0.8504783000098541,319,DECISION: PRUNE
25,HSF15_cooler_rnn_8074e,10,0,PRUNE,3.0390933000016958,319,DECISION: PRUNE
25,HSF15_cooler_rnn_8074e,10,1,PRUNE,0.8401429000077769,319,DECISION: PRUNE
25,HSF15_cooler_rnn_8074e,10,2,PRUNE,0.9037167000351474,319,DECISION: PRUNE
25,HSF15_cooler_rnn_8074e,10,3,PRUNE,0.8388675999594852,319,DECISION: PRUNE
25,HSF15_cooler_rnn_8074e,10,4,PRUNE,0.857550100015942,319,DECISION: PRUNE
25,HSF15_cooler_rnn_8074e,10,5,PRUNE,0.8521941999788396,319,DECISION: PRUNE
25,HSF15_cooler_rnn_8074e,10,6,PRUNE,0.8756799999973737,319,DECISION: PRUNE
25,HSF15_cooler_rnn_8074e,10,7,PRUNE,0.8624305999837816,319,DECISION: PRUNE
26,HSF15_cooler_fcn_6c0af,23,0,PRUNE,3.016991099982988,319,DECISION: PRUNE
26,HSF15_cooler_fcn_6c0af,23,1,PRUNE,0.839282600034494,319,DECISION: PRUNE
26,HSF15_cooler_fcn_6c0af,23,2,PRUNE,0.8471892999950796,319,DECISION: PRUNE
26,HSF15_cooler_fcn_6c0af,23,3,PRUNE,0.8503930000006221,319,DECISION: PRUNE
26,HSF15_cooler_fcn_6c0af,23,4,PRUNE,0.8401008999790065,319,DECISION: PRUNE
26,HSF15_cooler_fcn_6c0af,23,5,PRUNE,0.8617262000334449,319,DECISION: PRUNE
26,HSF15_cooler_fcn_6c0af,23,6,PRUNE,0.8430169000057504,319,DECISION: PRUNE
26,HSF15_cooler_fcn_6c0af,23,7,PRUNE,0.8615967000368983,319,DECISION: PRUNE
27,HSF15_cooler_rnn_2f8d1,26,0,PRUNE,3.0253045999561436,319,DECISION: PRUNE
27,HSF15_cooler_rnn_2f8d1,26,1,PRUNE,0.8538570000091568,319,DECISION: PRUNE
27,HSF15_cooler_rnn_2f8d1,26,2,PRUNE,0.8476041000103578,319,DECISION: PRUNE
27,HSF15_cooler_rnn_2f8d1,26,3,PRUNE,0.8386948999832384,319,DECISION: PRUNE
27,HSF15_cooler_rnn_2f8d1,26,4,PRUNE,0.8411416999879293,319,DECISION: PRUNE
27,HSF15_cooler_rnn_2f8d1,26,5,PRUNE,0.8542160999495536,319,DECISION: PRUNE
27,HSF15_cooler_rnn_2f8d1,26,6,PRUNE,0.8344200999708846,319,DECISION: PRUNE
27,HSF15_cooler_rnn_2f8d1,26,7,PRUNE,0.8470678000012413,319,DECISION: PRUNE
28,HSF15_cooler_rnn_9e703,19,0,PRUNE,2.9917805999866687,319,DECISION: PRUNE
28,HSF15_cooler_rnn_9e703,19,1,PRUNE,0.8507969000493176,319,DECISION: PRUNE
28,HSF15_cooler_rnn_9e703,19,2,PRUNE,0.8440132000250742,319,DECISION: PRUNE
28,HSF15_cooler_rnn_9e703,19,3,PRUNE,0.8584694000310265,319,DECISION: PRUNE
28,HSF15_cooler_rnn_9e703,19,4,PRUNE,0.852013600000646,319,DECISION: PRUNE
28,HSF15_cooler_rnn_9e703,19,5,PRUNE,0.850563800020609,319,DECISION: PRUNE
28,HSF15_cooler_rnn_9e703,19,6,PRUNE,0.8592956999782473,319,DECISION: PRUNE
28,HSF15_cooler_rnn_9e703,19,7,PRUNE,0.853712500014808,319,DECISION: PRUNE
29,HSF15_cooler_fcn_694c0,11,0,PRUNE,3.0032924999832176,319,DECISION: PRUNE
29,HSF15_cooler_fcn_694c0,11,1,PRUNE,0.857967100047972,319,DECISION: PRUNE
29,HSF15_cooler_fcn_694c0,11,2,PRUNE,0.8545390999643132,319,DECISION: PRUNE
29,HSF15_cooler_fcn_694c0,11,3,PRUNE,0.8361159000196494,319,DECISION: PRUNE
29,HSF15_cooler_fcn_694c0,11,4,PRUNE,0.8391990000382066,319,DECISION: PRUNE
29,HSF15_cooler_fcn_694c0,11,5,PRUNE,0.8559737000032328,319,DECISION: PRUNE
29,HSF15_cooler_fcn_694c0,11,6,PRUNE,0.8593546000192873,319,DECISION: PRUNE
29,HSF15_cooler_fcn_694c0,11,7,PRUNE,0.849596299987752,319,DECISION: PRUNE
30,HSF15_cooler_rnn_ad654,7,0,PRUNE,2.977342600002885,319,DECISION: PRUNE
30,HSF15_cooler_rnn_ad654,7,1,PRUNE,0.8659528000280261,319,DECISION: PRUNE
30,HSF15_cooler_rnn_ad654,7,2,PRUNE,0.8549426000099629,319,DECISION: PRUNE
30,HSF15_cooler_rnn_ad654,7,3,PRUNE,0.8579107000259683,319,DECISION: PRUNE
30,HSF15_cooler_rnn_ad654,7,4,PRUNE,0.8546598000102676,319,DECISION: PRUNE
30,HSF15_cooler_rnn_ad654,7,5,PRUNE,0.8451145999715663,319,DECISION: PRUNE
30,HSF15_cooler_rnn_ad654,7,6,PRUNE,0.8466476000030525,319,DECISION: PRUNE
30,HSF15_cooler_rnn_ad654,7,7,PRUNE,0.8545331999775954,319,DECISION: PRUNE
31,HSF15_cooler_rnn_3a973,5,0,PRUNE,2.99193150002975,319,DECISION: PRUNE
31,HSF15_cooler_rnn_3a973,5,1,PRUNE,0.8586450000293553,319,DECISION: PRUNE
31,HSF15_cooler_rnn_3a973,5,2,PRUNE,0.8822322000050917,319,DECISION: PRUNE
31,HSF15_cooler_rnn_3a973,5,3,PRUNE,0.8709780999924988,319,DECISION: PRUNE
31,HSF15_cooler_rnn_3a973,5,4,PRUNE,0.8420714999665506,319,DECISION: PRUNE
31,HSF15_cooler_rnn_3a973,5,5,PRUNE,0.8400191000546329,319,DECISION: PRUNE
31,HSF15_cooler_rnn_3a973,5,6,PRUNE,0.8418102999567054,319,DECISION: PRUNE
31,HSF15_cooler_rnn_3a973,5,7,PRUNE,0.8546224000165239,319,DECISION: PRUNE
32,HSF15_cooler_rnn_634c5,73,0,PRUNE,3.002009399991948,319,DECISION: PRUNE
32,HSF15_cooler_rnn_634c5,73,1,PRUNE,0.8644688000204042,319,DECISION: PRUNE
32,HSF15_cooler_rnn_634c5,73,2,PRUNE,0.8643768000183627,319,DECISION: PRUNE
32,HSF15_cooler_rnn_634c5,73,3,PRUNE,0.8320626000058837,319,DECISION: PRUNE
32,HSF15_cooler_rnn_634c5,73,4,PRUNE,0.8405936000053771,319,DECISION: PRUNE
32,HSF15_cooler_rnn_634c5,73,5,PRUNE,0.8407006000052206,319,DECISION: PRUNE
32,HSF15_cooler_rnn_634c5,73,6,PRUNE,0.8559946999885142,319,DECISION: PRUNE
32,HSF15_cooler_rnn_634c5,73,7,PRUNE,0.8513773999875411,319,DECISION: PRUNE
33,HSF15_cooler_mscnn_a66e7,16,0,PRUNE,2.9918025999795645,319,DECISION: PRUNE
33,HSF15_cooler_mscnn_a66e7,16,1,PRUNE,0.8463742999592796,319,DECISION: PRUNE
33,HSF15_cooler_mscnn_a66e7,16,2,PRUNE,0.8615450999932364,319,DECISION: PRUNE
33,HSF15_cooler_mscnn_a66e7,16,3,PRUNE,0.8516537999967113,319,DECISION: PRUNE
33,HSF15_cooler_mscnn_a66e7,16,4,PRUNE,0.8520030999789014,319,DECISION: PRUNE
33,HSF15_cooler_mscnn_a66e7,16,5,PRUNE,0.8424281000043266,319,DECISION: PRUNE
33,HSF15_cooler_mscnn_a66e7,16,6,PRUNE,0.8726849000086077,319,DECISION: PRUNE
33,HSF15_cooler_mscnn_a66e7,16,7,PRUNE,0.8481794000254013,319,DECISION: PRUNE
34,HSF15_cooler_rnn_1d2f9,15,0,PRUNE,2.9884732000064105,319,DECISION: PRUNE
34,HSF15_cooler_rnn_1d2f9,15,1,PRUNE,0.8568699999595992,319,DECISION: PRUNE
34,HSF15_cooler_rnn_1d2f9,15,2,PRUNE,0.8999218000099063,319,DECISION: PRUNE
34,HSF15_cooler_rnn_1d2f9,15,3,PRUNE,0.8492684999946505,319,DECISION: PRUNE
34,HSF15_cooler_rnn_1d2f9,15,4,PRUNE,0.8420312000089325,319,DECISION: PRUNE
34,HSF15_cooler_rnn_1d2f9,15,5,PRUNE,0.8783634000574239,319,DECISION: PRUNE
34,HSF15_cooler_rnn_1d2f9,15,6,PRUNE,0.8411438000039198,319,DECISION: PRUNE
34,HSF15_cooler_rnn_1d2f9,15,7,PRUNE,0.8544051999924704,319,DECISION: PRUNE
35,HSF15_cooler_rnn_0e6f1,16,0,PRUNE,2.972009299963247,319,DECISION: PRUNE
35,HSF15_cooler_rnn_0e6f1,16,1,PRUNE,0.8530015999567695,319,DECISION: PRUNE
35,HSF15_cooler_rnn_0e6f1,16,2,PRUNE,0.8453942000051029,319,DECISION: PRUNE
35,HSF15_cooler_rnn_0e6f1,16,3,PRUNE,0.8492069000494666,319,DECISION: PRUNE
35,HSF15_cooler_rnn_0e6f1,16,4,PRUNE,0.854883800027892,319,DECISION: PRUNE
35,HSF15_cooler_rnn_0e6f1,16,5,PRUNE,0.8512555000488646,319,DECISION: PRUNE
35,HSF15_cooler_rnn_0e6f1,16,6,PRUNE,0.8599162999889813,319,DECISION: PRUNE
35,HSF15_cooler_rnn_0e6f1,16,7,PRUNE,0.8510196999995969,319,DECISION: PRUNE
36,HSF15_cooler_rnn_b3d06,27,0,PRUNE,3.0045734999584965,319,DECISION: PRUNE
36,HSF15_cooler_rnn_b3d06,27,1,PRUNE,0.8564099000068381,319,DECISION: PRUNE
36,HSF15_cooler_rnn_b3d06,27,2,PRUNE,0.8558479999774136,319,DECISION: PRUNE
36,HSF15_cooler_rnn_b3d06,27,3,PRUNE,0.8338790999841876,319,DECISION: PRUNE
36,HSF15_cooler_rnn_b3d06,27,4,PRUNE,0.852744200034067,319,DECISION: PRUNE
36,HSF15_cooler_rnn_b3d06,27,5,PRUNE,0.8629494000342675,319,DECISION: PRUNE
36,HSF15_cooler_rnn_b3d06,27,6,PRUNE,0.8421303000068292,319,DECISION: PRUNE
36,HSF15_cooler_rnn_b3d06,27,7,PRUNE,0.8665437999879941,319,DECISION: PRUNE
37,HSF15_cooler_rnn_e8c0f,32,0,PRUNE,2.9979006000212394,319,DECISION: PRUNE
37,HSF15_cooler_rnn_e8c0f,32,1,PRUNE,0.8890687000239268,319,DECISION: PRUNE
37,HSF15_cooler_rnn_e8c0f,32,2,PRUNE,0.8510473999776877,319,DECISION: PRUNE
37,HSF15_cooler_rnn_e8c0f,32,3,PRUNE,0.8483002999564633,319,DECISION: PRUNE
37,HSF15_cooler_rnn_e8c0f,32,4,PRUNE,0.8755745000089519,319,DECISION: PRUNE
37,HSF15_cooler_rnn_e8c0f,32,5,PRUNE,0.8451750000240281,319,DECISION: PRUNE
37,HSF15_cooler_rnn_e8c0f,32,6,PRUNE,0.845529499987606,319,DECISION: PRUNE
37,HSF15_cooler_rnn_e8c0f,32,7,PRUNE,0.8677432999829762,319,DECISION: PRUNE
38,HSF15_cooler_rnn_def7b,36,0,PRUNE,2.976994399970863,319,DECISION: PRUNE
38,HSF15_cooler_rnn_def7b,36,1,PRUNE,0.865800199972,319,DECISION: PRUNE
38,HSF15_cooler_rnn_def7b,36,2,PRUNE,0.8489805000135675,319,DECISION: PRUNE
38,HSF15_cooler_rnn_def7b,36,3,PRUNE,0.8616200999822468,319,DECISION: PRUNE
38,HSF15_cooler_rnn_def7b,36,4,PRUNE,0.845445099985227,319,DECISION: PRUNE
38,HSF15_cooler_rnn_def7b,36,5,PRUNE,0.8336845999583602,319,DECISION: PRUNE
38,HSF15_cooler_rnn_def7b,36,6,PRUNE,0.8509610000182875,319,DECISION: PRUNE
38,HSF15_cooler_rnn_def7b,36,7,PRUNE,0.8586562999989837,319,DECISION: PRUNE
39,HSF15_cooler_rnn_b2a44,9,0,PRUNE,3.000909299997147,319,DECISION: PRUNE
39,HSF15_cooler_rnn_b2a44,9,1,PRUNE,0.8476356999599375,319,DECISION: PRUNE
39,HSF15_cooler_rnn_b2a44,9,2,PRUNE,0.8493845000048168,319,DECISION: PRUNE
39,HSF15_cooler_rnn_b2a44,9,3,PRUNE,0.8488796000019647,319,DECISION: PRUNE
39,HSF15_cooler_rnn_b2a44,9,4,PRUNE,0.8514698999933898,319,DECISION: PRUNE
39,HSF15_cooler_rnn_b2a44,9,5,PRUNE,0.8488071999745443,319,DECISION: PRUNE
39,HSF15_cooler_rnn_b2a44,9,6,PRUNE,0.8536250999895856,319,DECISION: PRUNE
39,HSF15_cooler_rnn_b2a44,9,7,PRUNE,0.8403708999976516,319,DECISION: PRUNE
40,HSF15_cooler_transformer_2f4c3,4,0,PRUNE,2.709678300016094,313,DECISION: PRUNE
40,HSF15_cooler_transformer_2f4c3,4,1,PRUNE,0.8485132000059821,313,DECISION: PRUNE
40,HSF15_cooler_transformer_2f4c3,4,2,PRUNE,0.8592958999797702,313,DECISION: PRUNE
40,HSF15_cooler_transformer_2f4c3,4,3,PRUNE,0.846681900031399,313,DECISION: PRUNE
40,HSF15_cooler_transformer_2f4c3,4,4,PRUNE,0.8624538999865763,313,DECISION: PRUNE
40,HSF15_cooler_transformer_2f4c3,4,5,PRUNE,0.848643799952697,313,DECISION: PRUNE
40,HSF15_cooler_transformer_2f4c3,4,6,PRUNE,0.8430075999931432,313,DECISION: PRUNE
40,HSF15_cooler_transformer_2f4c3,4,7,PRUNE,0.8440740999649279,313,DECISION: PRUNE
41,HSF15_cooler_rnn_af96b,5,0,PRUNE,2.708383099990897,319,DECISION: PRUNE
41,HSF15_cooler_rnn_af96b,5,1,PRUNE,0.8569312000181526,319,DECISION: PRUNE
41,HSF15_cooler_rnn_af96b,5,2,PRUNE,0.8466932000010274,319,DECISION: PRUNE
41,HSF15_cooler_rnn_af96b,5,3,PRUNE,0.8563934999983758,319,DECISION: PRUNE
41,HSF15_cooler_rnn_af96b,5,4,PRUNE,0.8503773999982513,319,DECISION: PRUNE
41,HSF15_cooler_rnn_af96b,5,5,PRUNE,0.8520284999976866,319,DECISION: PRUNE
41,HSF15_cooler_rnn_af96b,5,6,PRUNE,0.8746720000053756,319,DECISION: PRUNE
41,HSF15_cooler_rnn_af96b,5,7,PRUNE,0.8537052000174299,319,DECISION: PRUNE
42,HSF15_cooler_transformer_8a827,8,0,PRUNE,2.9994162999792024,319,DECISION: PRUNE
42,HSF15_cooler_transformer_8a827,8,1,PRUNE,0.8573771999799646,319,DECISION: PRUNE
42,HSF15_cooler_transformer_8a827,8,2,PRUNE,0.8521313000237569,319,DECISION: PRUNE
42,HSF15_cooler_transformer_8a827,8,3,PRUNE,0.8363721999921836,319,DECISION: PRUNE
42,HSF15_cooler_transformer_8a827,8,4,PRUNE,0.8412294000154361,319,DECISION: PRUNE
42,HSF15_cooler_transformer_8a827,8,5,PRUNE,0.8540533999912441,319,DECISION: PRUNE
42,HSF15_cooler_transformer_8a827,8,6,PRUNE,0.8585172999883071,319,DECISION: PRUNE
42,HSF15_cooler_transformer_8a827,8,7,PRUNE,0.8638063999824226,319,DECISION: PRUNE
43,HSF15_cooler_fcn_09f7c,16,0,PRUNE,3.0240663000149652,319,DECISION: PRUNE
43,HSF15_cooler_fcn_09f7c,16,1,PRUNE,0.8452892000204884,319,DECISION: PRUNE
43,HSF15_cooler_fcn_09f7c,16,2,PRUNE,0.8391525999759324,319,DECISION: PRUNE
43,HSF15_cooler_fcn_09f7c,16,3,PRUNE,0.8341638999991119,319,DECISION: PRUNE
43,HSF15_cooler_fcn_09f7c,16,4,PRUNE,0.8478753000381403,319,DECISION: PRUNE
43,HSF15_cooler_fcn_09f7c,16,5,PRUNE,0.8409902999992482,319,DECISION: PRUNE
43,HSF15_cooler_fcn_09f7c,16,6,PRUNE,0.8627194999717176,319,DECISION: PRUNE
43,HSF15_cooler_fcn_09f7c,16,7,PRUNE,0.8390950000029989,319,DECISION: PRUNE
44,HSF15_cooler_transformer_4e532,9,0,PRUNE,2.987848800024949,319,DECISION: PRUNE
44,HSF15_cooler_transformer_4e532,9,1,PRUNE,0.8601534999907017,319,DECISION: PRUNE
44,HSF15_cooler_transformer_4e532,9,2,PRUNE,0.8553573000244796,319,DECISION: PRUNE
44,HSF15_cooler_transformer_4e532,9,3,PRUNE,0.8460216000094078,319,DECISION: PRUNE
44,HSF15_cooler_transformer_4e532,9,4,PRUNE,0.8742461999645457,319,DECISION: PRUNE
44,HSF15_cooler_transformer_4e532,9,5,PRUNE,0.8474545999779366,319,DECISION: PRUNE
44,HSF15_cooler_transformer_4e532,9,6,PRUNE,0.827290199988056,319,DECISION: PRUNE
44,HSF15_cooler_transformer_4e532,9,7,PRUNE,0.8567600999958813,319,DECISION: PRUNE
45,HSF15_cooler_rnn_dfe7d,10,0,PRUNE,2.9909201999544166,319,DECISION: PRUNE
45,HSF15_cooler_rnn_dfe7d,10,1,PRUNE,0.8465591000276618,319,DECISION: PRUNE
45,HSF15_cooler_rnn_dfe7d,10,2,PRUNE,0.8391218000324443,319,DECISION: PRUNE
45,HSF15_cooler_rnn_dfe7d,10,3,PRUNE,0.8545774000231177,319,DECISION: PRUNE
45,HSF15_cooler_rnn_dfe7d,10,4,PRUNE,0.8510816000052728,319,DECISION: PRUNE
45,HSF15_cooler_rnn_dfe7d,10,5,PRUNE,0.8670488999923691,319,DECISION: PRUNE
45,HSF15_cooler_rnn_dfe7d,10,6,PRUNE,0.8500393999856897,319,DECISION: PRUNE
45,HSF15_cooler_rnn_dfe7d,10,7,PRUNE,0.8510069000185467,319,DECISION: PRUNE
46,HSF15_cooler_fcn_33a75,6,0,PRUNE,2.7052932000369765,319,DECISION: PRUNE
46,HSF15_cooler_fcn_33a75,6,1,PRUNE,0.8872867000172846,319,DECISION: PRUNE
46,HSF15_cooler_fcn_33a75,6,2,PRUNE,0.8465875000110827,319,DECISION: PRUNE
46,HSF15_cooler_fcn_33a75,6,3,PRUNE,0.8366419000085443,319,DECISION: PRUNE
46,HSF15_cooler_fcn_33a75,6,4,PRUNE,0.8546899000066333,319,DECISION: PRUNE
46,HSF15_cooler_fcn_33a75,6,5,PRUNE,0.8601740999729373,319,DECISION: PRUNE
46,HSF15_cooler_fcn_33a75,6,6,PRUNE,0.836921899986919,319,DECISION: PRUNE
46,HSF15_cooler_fcn_33a75,6,7,PRUNE,0.8552227000473067,319,DECISION: PRUNE
47,HSF15_cooler_transformer_0c0db,27,0,PRUNE,3.0053584999986924,319,DECISION: PRUNE
47,HSF15_cooler_transformer_0c0db,27,1,PRUNE,0.8475090999854729,319,DECISION: PRUNE
47,HSF15_cooler_transformer_0c0db,27,2,PRUNE,0.8490754999802448,319,DECISION: PRUNE
47,HSF15_cooler_transformer_0c0db,27,3,PRUNE,0.8555549000157043,319,DECISION: PRUNE
47,HSF15_cooler_transformer_0c0db,27,4,PRUNE,0.8341292000259273,319,DECISION: PRUNE
47,HSF15_cooler_transformer_0c0db,27,5,PRUNE,0.8533986000111327,319,DECISION: PRUNE
47,HSF15_cooler_transformer_0c0db,27,6,PRUNE,0.8778740999987349,319,DECISION: PRUNE
47,HSF15_cooler_transformer_0c0db,27,7,PRUNE,0.8555937999626622,319,DECISION: PRUNE
48,HSF15_cooler_rnn_5939c,38,0,PRUNE,2.992987899982836,319,DECISION: PRUNE
48,HSF15_cooler_rnn_5939c,38,1,PRUNE,0.8491854000021704,319,DECISION: PRUNE
48,HSF15_cooler_rnn_5939c,38,2,PRUNE,0.8440920999855734,319,DECISION: PRUNE
48,HSF15_cooler_rnn_5939c,38,3,PRUNE,0.853506000014022,319,DECISION: PRUNE
48,HSF15_cooler_rnn_5939c,38,4,PRUNE,0.8401388000347652,319,DECISION: PRUNE
48,HSF15_cooler_rnn_5939c,38,5,PRUNE,0.8497117999941111,319,DECISION: PRUNE
48,HSF15_cooler_rnn_5939c,38,6,PRUNE,0.8607350999955088,319,DECISION: PRUNE
48,HSF15_cooler_rnn_5939c,38,7,PRUNE,0.8425450000213459,319,DECISION: PRUNE
49,HSF15_cooler_fcn_65468,8,0,PRUNE,2.9794987000059336,319,DECISION: PRUNE
49,HSF15_cooler_fcn_65468,8,1,PRUNE,0.8411330999806523,319,DECISION: PRUNE
49,HSF15_cooler_fcn_65468,8,2,PRUNE,0.8423044999944977,319,DECISION: PRUNE
49,HSF15_cooler_fcn_65468,8,3,PRUNE,0.8377980000223033,319,DECISION: PRUNE
49,HSF15_cooler_fcn_65468,8,4,PRUNE,0.8493613000027835,319,DECISION: PRUNE
49,HSF15_cooler_fcn_65468,8,5,PRUNE,0.8655244000256062,319,DECISION: PRUNE
49,HSF15_cooler_fcn_65468,8,6,PRUNE,0.8682621999760158,319,DECISION: PRUNE
49,HSF15_cooler_fcn_65468,8,7,PRUNE,0.8458986000041477,319,DECISION: PRUNE
50,HSF15_cooler_mscnn_3b756,8,0,PRUNE,2.986277499992866,319,DECISION: PRUNE
50,HSF15_cooler_mscnn_3b756,8,1,PRUNE,0.8534674999536946,319,DECISION: PRUNE
50,HSF15_cooler_mscnn_3b756,8,2,PRUNE,0.840333100000862,319,DECISION: PRUNE
50,HSF15_cooler_mscnn_3b756,8,3,PRUNE,0.8399068000144325,319,DECISION: PRUNE
50,HSF15_cooler_mscnn_3b756,8,4,PRUNE,0.8299642000347376,319,DECISION: PRUNE
50,HSF15_cooler_mscnn_3b756,8,5,PRUNE,0.8782959000091068,319,DECISION: PRUNE
50,HSF15_cooler_mscnn_3b756,8,6,PRUNE,0.8656926999683492,319,DECISION: PRUNE
50,HSF15_cooler_mscnn_3b756,8,7,PRUNE,0.8338858999777585,319,DECISION: PRUNE
51,HSF15_cooler_fcn_badef,16,0,PRUNE,2.995953499979805,319,DECISION: PRUNE
51,HSF15_cooler_fcn_badef,16,1,PRUNE,0.8521775999688543,319,DECISION: PRUNE
51,HSF15_cooler_fcn_badef,16,2,PRUNE,0.8488743000198156,319,DECISION: PRUNE
51,HSF15_cooler_fcn_badef,16,3,PRUNE,0.8447049999958836,319,DECISION: PRUNE
51,HSF15_cooler_fcn_badef,16,4,PRUNE,0.8393717999570072,319,DECISION: PRUNE
51,HSF15_cooler_fcn_badef,16,5,PRUNE,0.8404318999964744,319,DECISION: PRUNE
51,HSF15_cooler_fcn_badef,16,6,PRUNE,0.8534869000432082,319,DECISION: PRUNE
51,HSF15_cooler_fcn_badef,16,7,PRUNE,0.8515371999819763,319,DECISION: PRUNE
52,HSF15_cooler_transformer_6b2cb,17,0,PRUNE,3.0007219000253826,319,DECISION: PRUNE
52,HSF15_cooler_transformer_6b2cb,17,1,PRUNE,0.8399824000080116,319,DECISION: PRUNE
52,HSF15_cooler_transformer_6b2cb,17,2,PRUNE,0.8464935999945737,319,DECISION: PRUNE
52,HSF15_cooler_transformer_6b2cb,17,3,PRUNE,0.8376950999954715,319,DECISION: PRUNE
52,HSF15_cooler_transformer_6b2cb,17,4,PRUNE,0.8398976000025868,319,DECISION: PRUNE
52,HSF15_cooler_transformer_6b2cb,17,5,PRUNE,0.8651944000157528,319,DECISION: PRUNE
52,HSF15_cooler_transformer_6b2cb,17,6,PRUNE,0.8588846999919042,319,DECISION: PRUNE
52,HSF15_cooler_transformer_6b2cb,17,7,PRUNE,0.8538084999890998,319,DECISION: PRUNE
53,HSF15_cooler_transformer_0f58e,32,0,PRUNE,2.986069399979897,319,DECISION: PRUNE
53,HSF15_cooler_transformer_0f58e,32,1,PRUNE,0.8596610999666154,319,DECISION: PRUNE
53,HSF15_cooler_transformer_0f58e,32,2,PRUNE,0.8462892999523319,319,DECISION: PRUNE
53,HSF15_cooler_transformer_0f58e,32,3,PRUNE,0.8441911999834701,319,DECISION: PRUNE
53,HSF15_cooler_transformer_0f58e,32,4,PRUNE,0.8453201000229456,319,DECISION: PRUNE
53,HSF15_cooler_transformer_0f58e,32,5,PRUNE,0.8582273000502028,319,DECISION: PRUNE
53,HSF15_cooler_transformer_0f58e,32,6,PRUNE,0.8401092999847606,319,DECISION: PRUNE
53,HSF15_cooler_transformer_0f58e,32,7,PRUNE,0.834452900046017,319,DECISION: PRUNE
54,HSF15_cooler_rnn_abc2f,13,0,PRUNE,2.971147900039796,319,DECISION: PRUNE
54,HSF15_cooler_rnn_abc2f,13,1,PRUNE,0.8557078000158072,319,DECISION: PRUNE
54,HSF15_cooler_rnn_abc2f,13,2,PRUNE,0.8869347000145353,319,DECISION: PRUNE
54,HSF15_cooler_rnn_abc2f,13,3,PRUNE,0.8651071999920532,319,DECISION: PRUNE
54,HSF15_cooler_rnn_abc2f,13,4,PRUNE,0.8597889000084251,319,DECISION: PRUNE
54,HSF15_cooler_rnn_abc2f,13,5,PRUNE,0.8521871999837458,319,DECISION: PRUNE
54,HSF15_cooler_rnn_abc2f,13,6,PRUNE,0.8447675000061281,319,DECISION: PRUNE
54,HSF15_cooler_rnn_abc2f,13,7,PRUNE,0.850465300027281,319,DECISION: PRUNE
55,HSF15_cooler_fcn_70c55,4,0,PRUNE,2.690434499992989,313,DECISION: PRUNE
55,HSF15_cooler_fcn_70c55,4,1,PRUNE,0.8561082999804057,313,DECISION: PRUNE
55,HSF15_cooler_fcn_70c55,4,2,PRUNE,0.8963248999789357,313,DECISION: PRUNE
55,HSF15_cooler_fcn_70c55,4,3,PRUNE,0.8526836999808438,313,DECISION: PRUNE
55,HSF15_cooler_fcn_70c55,4,4,PRUNE,0.8567184999701567,313,DECISION: PRUNE
55,HSF15_cooler_fcn_70c55,4,5,PRUNE,0.8641250999644399,313,DECISION: PRUNE
55,HSF15_cooler_fcn_70c55,4,6,PRUNE,0.8523862999863923,313,DECISION: PRUNE
55,HSF15_cooler_fcn_70c55,4,7,PRUNE,0.8680718000396155,313,DECISION: PRUNE
56,HSF15_cooler_rnn_75af4,8,0,PRUNE,2.977876599994488,319,DECISION: PRUNE
56,HSF15_cooler_rnn_75af4,8,1,CONTINUE,0.8505530999973416,319,DECISION: CONTINUE
56,HSF15_cooler_rnn_75af4,8,2,PRUNE,0.8542068999959156,319,DECISION: PRUNE
56,HSF15_cooler_rnn_75af4,8,3,PRUNE,0.850281500024721,319,DECISION: PRUNE
56,HSF15_cooler_rnn_75af4,8,4,PRUNE,0.8500896000186913,319,DECISION: PRUNE
56,HSF15_cooler_rnn_75af4,8,5,PRUNE,0.8587516999687068,319,DECISION: PRUNE
56,HSF15_cooler_rnn_75af4,8,6,PRUNE,0.8625438999733888,319,DECISION: PRUNE
56,HSF15_cooler_rnn_75af4,8,7,PRUNE,0.8489064000314102,319,DECISION: PRUNE
57,HSF15_cooler_rnn_9ef23,21,0,PRUNE,2.9746734999935143,319,DECISION: PRUNE
57,HSF15_cooler_rnn_9ef23,21,1,PRUNE,0.8756652000010945,319,DECISION: PRUNE
57,HSF15_cooler_rnn_9ef23,21,2,PRUNE,0.8477215000311844,319,DECISION: PRUNE
57,HSF15_cooler_rnn_9ef23,21,3,PRUNE,0.8421949000330642,319,DECISION: PRUNE
57,HSF15_cooler_rnn_9ef23,21,4,PRUNE,0.8851240999647416,319,DECISION: PRUNE
57,HSF15_cooler_rnn_9ef23,21,5,PRUNE,0.8450172999873757,319,DECISION: PRUNE
57,HSF15_cooler_rnn_9ef23,21,6,PRUNE,0.849350799981039,319,DECISION: PRUNE
57,HSF15_cooler_rnn_9ef23,21,7,PRUNE,0.8408238999545574,319,DECISION: PRUNE
58,HSF15_cooler_rnn_f3bed,5,0,PRUNE,2.976384199981112,319,DECISION: PRUNE
58,HSF15_cooler_rnn_f3bed,5,1,PRUNE,0.8613137999782339,319,DECISION: PRUNE
58,HSF15_cooler_rnn_f3bed,5,2,PRUNE,0.8607198999961838,319,DECISION: PRUNE
58,HSF15_cooler_rnn_f3bed,5,3,PRUNE,0.8656065000104718,319,DECISION: PRUNE
58,HSF15_cooler_rnn_f3bed,5,4,PRUNE,0.8577600999851711,319,DECISION: PRUNE
58,HSF15_cooler_rnn_f3bed,5,5,PRUNE,0.8371935999603011,319,DECISION: PRUNE
58,HSF15_cooler_rnn_f3bed,5,6,PRUNE,0.8443991999956779,319,DECISION: PRUNE
58,HSF15_cooler_rnn_f3bed,5,7,PRUNE,0.8459106999798678,319,DECISION: PRUNE
59,HSF15_cooler_transformer_b0a70,8,0,PRUNE,2.7135083000175655,319,DECISION: PRUNE
59,HSF15_cooler_transformer_b0a70,8,1,PRUNE,0.853812100016512,319,DECISION: PRUNE
59,HSF15_cooler_transformer_b0a70,8,2,PRUNE,0.970482999982778,319,DECISION: PRUNE
59,HSF15_cooler_transformer_b0a70,8,3,PRUNE,0.8556947000324726,319,DECISION: PRUNE
59,HSF15_cooler_transformer_b0a70,8,4,PRUNE,0.837031000002753,319,DECISION: PRUNE
59,HSF15_cooler_transformer_b0a70,8,5,PRUNE,0.8564726000186056,319,DECISION: PRUNE
59,HSF15_cooler_transformer_b0a70,8,6,PRUNE,0.8508956000441685,319,DECISION: PRUNE
59,HSF15_cooler_transformer_b0a70,8,7,PRUNE,0.8418198999715969,319,DECISION: PRUNE
60,HSF15_cooler_mscnn_68970,25,0,PRUNE,3.012761599966325,319,DECISION: PRUNE
60,HSF15_cooler_mscnn_68970,25,1,PRUNE,0.8682675000163727,319,DECISION: PRUNE
60,HSF15_cooler_mscnn_68970,25,2,PRUNE,0.8589177000103518,319,DECISION: PRUNE
60,HSF15_cooler_mscnn_68970,25,3,PRUNE,0.8457649999763817,319,DECISION: PRUNE
60,HSF15_cooler_mscnn_68970,25,4,PRUNE,0.8626205999753438,319,DECISION: PRUNE
60,HSF15_cooler_mscnn_68970,25,5,PRUNE,0.8471108000376262,319,DECISION: PRUNE
60,HSF15_cooler_mscnn_68970,25,6,PRUNE,0.84494400001131,319,DECISION: PRUNE
60,HSF15_cooler_mscnn_68970,25,7,PRUNE,0.8616097000194713,319,DECISION: PRUNE
61,HSF15_cooler_transformer_80bfe,21,0,PRUNE,2.9809343000524677,319,DECISION: PRUNE
61,HSF15_cooler_transformer_80bfe,21,1,PRUNE,0.9019749000435695,319,DECISION: PRUNE
61,HSF15_cooler_transformer_80bfe,21,2,PRUNE,0.8448935999767855,319,DECISION: PRUNE
61,HSF15_cooler_transformer_80bfe,21,3,PRUNE,0.8554781000129879,319,DECISION: PRUNE
61,HSF15_cooler_transformer_80bfe,21,4,PRUNE,0.8373473000247031,319,DECISION: PRUNE
61,HSF15_cooler_transformer_80bfe,21,5,PRUNE,0.8542110999696888,319,DECISION: PRUNE
61,HSF15_cooler_transformer_80bfe,21,6,PRUNE,0.8440432999632321,319,DECISION: PRUNE
61,HSF15_cooler_transformer_80bfe,21,7,PRUNE,0.8340297999675386,319,DECISION: PRUNE
62,HSF15_cooler_fcn_71040,74,0,PRUNE,2.986776400008239,319,DECISION: PRUNE
62,HSF15_cooler_fcn_71040,74,1,PRUNE,0.8541413999628276,319,DECISION: PRUNE
62,HSF15_cooler_fcn_71040,74,2,PRUNE,0.8621112999971956,319,DECISION: PRUNE
62,HSF15_cooler_fcn_71040,74,3,PRUNE,0.8472026999806985,319,DECISION: PRUNE
62,HSF15_cooler_fcn_71040,74,4,PRUNE,0.8623739999602549,319,DECISION: PRUNE
62,HSF15_cooler_fcn_71040,74,5,PRUNE,0.8760826999787241,319,DECISION: PRUNE
62,HSF15_cooler_fcn_71040,74,6,PRUNE,0.8553987999912351,319,DECISION: PRUNE
62,HSF15_cooler_fcn_71040,74,7,PRUNE,0.8346483000204898,319,DECISION: PRUNE
63,HSF15_cooler_mscnn_f2af9,56,0,PRUNE,3.0051179999718443,319,DECISION: PRUNE
63,HSF15_cooler_mscnn_f2af9,56,1,PRUNE,0.8529722999664955,319,DECISION: PRUNE
63,HSF15_cooler_mscnn_f2af9,56,2,PRUNE,0.8525331999990158,319,DECISION: PRUNE
63,HSF15_cooler_mscnn_f2af9,56,3,PRUNE,0.8524815000128001,319,DECISION: PRUNE
63,HSF15_cooler_mscnn_f2af9,56,4,PRUNE,0.8507845999556594,319,DECISION: PRUNE
63,HSF15_cooler_mscnn_f2af9,56,5,PRUNE,0.8777436000527814,319,DECISION: PRUNE
63,HSF15_cooler_mscnn_f2af9,56,6,PRUNE,0.8613572999602184,319,DECISION: PRUNE
63,HSF15_cooler_mscnn_f2af9,56,7,PRUNE,0.8374413999845274,319,DECISION: PRUNE
64,HSF15_cooler_mscnn_652da,13,0,PRUNE,2.98402019997593,319,DECISION: PRUNE
64,HSF15_cooler_mscnn_652da,13,1,PRUNE,1.8408213999937288,319,DECISION: PRUNE
64,HSF15_cooler_mscnn_652da,13,2,PRUNE,0.8568392000161111,319,DECISION: PRUNE
64,HSF15_cooler_mscnn_652da,13,3,PRUNE,0.8803216999513097,319,DECISION: PRUNE
64,HSF15_cooler_mscnn_652da,13,4,PRUNE,0.8362103999825194,319,DECISION: PRUNE
64,HSF15_cooler_mscnn_652da,13,5,PRUNE,0.8532591999974102,319,DECISION: PRUNE
64,HSF15_cooler_mscnn_652da,13,6,PRUNE,0.855282399978023,319,DECISION: PRUNE
64,HSF15_cooler_mscnn_652da,13,7,PRUNE,0.8570694000227377,319,DECISION: PRUNE
65,HSF15_cooler_transformer_fc59d,9,0,PRUNE,2.9763037000084296,319,DECISION: PRUNE
65,HSF15_cooler_transformer_fc59d,9,1,PRUNE,0.8597590000135824,319,DECISION: PRUNE
65,HSF15_cooler_transformer_fc59d,9,2,PRUNE,0.8492506999755278,319,DECISION: PRUNE
65,HSF15_cooler_transformer_fc59d,9,3,PRUNE,0.8713575000292622,319,DECISION: PRUNE
65,HSF15_cooler_transformer_fc59d,9,4,PRUNE,0.8342192000127397,319,DECISION: PRUNE
65,HSF15_cooler_transformer_fc59d,9,5,PRUNE,0.8516894000349566,319,DECISION: PRUNE
65,HSF15_cooler_transformer_fc59d,9,6,PRUNE,0.8482920999522321,319,DECISION: PRUNE
65,HSF15_cooler_transformer_fc59d,9,7,PRUNE,0.8746718000038527,319,DECISION: PRUNE
66,HSF15_cooler_transformer_2e4aa,14,0,PRUNE,2.9946022999938577,319,DECISION: PRUNE
66,HSF15_cooler_transformer_2e4aa,14,1,PRUNE,0.8564657000242732,319,DECISION: PRUNE
66,HSF15_cooler_transformer_2e4aa,14,2,PRUNE,0.8419927000068128,319,DECISION: PRUNE
66,HSF15_cooler_transformer_2e4aa,14,3,PRUNE,0.8734067999757826,319,DECISION: PRUNE
66,HSF15_cooler_transformer_2e4aa,14,4,PRUNE,0.9187389999860898,319,DECISION: PRUNE
66,HSF15_cooler_transformer_2e4aa,14,5,PRUNE,0.8511070999666117,319,DECISION: PRUNE
66,HSF15_cooler_transformer_2e4aa,14,6,PRUNE,0.8690184999722987,319,DECISION: PRUNE
66,HSF15_cooler_transformer_2e4aa,14,7,PRUNE,0.86227450001752,319,DECISION: PRUNE
67,HSF15_cooler_transformer_434ac,17,0,PRUNE,3.0130879000062123,319,DECISION: PRUNE
67,HSF15_cooler_transformer_434ac,17,1,PRUNE,0.8852176999789663,319,DECISION: PRUNE
67,HSF15_cooler_transformer_434ac,17,2,PRUNE,0.8552988999872468,319,DECISION: PRUNE
67,HSF15_cooler_transformer_434ac,17,3,PRUNE,0.8320210999809206,319,DECISION: PRUNE
67,HSF15_cooler_transformer_434ac,17,4,PRUNE,0.8731469999765977,319,DECISION: PRUNE
67,HSF15_cooler_transformer_434ac,17,5,PRUNE,0.8672020999947563,319,DECISION: PRUNE
67,HSF15_cooler_transformer_434ac,17,6,PRUNE,0.8344584000296891,319,DECISION: PRUNE
67,HSF15_cooler_transformer_434ac,17,7,PRUNE,0.8587637000018731,319,DECISION: PRUNE
68,HSF15_cooler_transformer_0f45b,5,0,PRUNE,2.9867850999580696,319,DECISION: PRUNE
68,HSF15_cooler_transformer_0f45b,5,1,PRUNE,0.835298900026828,319,DECISION: PRUNE
68,HSF15_cooler_transformer_0f45b,5,2,PRUNE,0.8896306000533514,319,DECISION: PRUNE
68,HSF15_cooler_transformer_0f45b,5,3,PRUNE,0.8478718000114895,319,DECISION: PRUNE
68,HSF15_cooler_transformer_0f45b,5,4,PRUNE,0.8635921000386588,319,DECISION: PRUNE
68,HSF15_cooler_transformer_0f45b,5,5,PRUNE,0.8592194999800995,319,DECISION: PRUNE
68,HSF15_cooler_transformer_0f45b,5,6,PRUNE,0.8409520999994129,319,DECISION: PRUNE
68,HSF15_cooler_transformer_0f45b,5,7,PRUNE,0.8514886999619193,319,DECISION: PRUNE
69,HSF15_cooler_rnn_900ed,3,0,CONTINUE,2.710964599973522,307,DECISION: CONTINUE
69,HSF15_cooler_rnn_900ed,3,1,CONTINUE,0.8555392000125721,307,DECISION: CONTINUE
69,HSF15_cooler_rnn_900ed,3,2,CONTINUE,0.8344334000139497,307,DECISION: CONTINUE
69,HSF15_cooler_rnn_900ed,3,3,PRUNE,0.840083200018853,307,DECISION: PRUNE
69,HSF15_cooler_rnn_900ed,3,4,PRUNE,0.843469199957326,307,DECISION: PRUNE
69,HSF15_cooler_rnn_900ed,3,5,PRUNE,0.8419276000349782,307,DECISION: PRUNE
69,HSF15_cooler_rnn_900ed,3,6,PRUNE,0.8596694000298157,307,DECISION: PRUNE
69,HSF15_cooler_rnn_900ed,3,7,PRUNE,0.858571499993559,307,DECISION: PRUNE
70,HSF15_cooler_transformer_4f668,4,0,PRUNE,2.702318199968431,313,DECISION: PRUNE
70,HSF15_cooler_transformer_4f668,4,1,PRUNE,0.8440139000304043,313,DECISION: PRUNE
70,HSF15_cooler_transformer_4f668,4,2,PRUNE,0.8365378999733366,313,DECISION: PRUNE
70,HSF15_cooler_transformer_4f668,4,3,PRUNE,0.8381881000241265,313,DECISION: PRUNE
70,HSF15_cooler_transformer_4f668,4,4,PRUNE,0.8399372000130825,313,DECISION: PRUNE
70,HSF15_cooler_transformer_4f668,4,5,PRUNE,0.8578826999873854,313,DECISION: PRUNE
70,HSF15_cooler_transformer_4f668,4,6,PRUNE,0.8483663000515662,313,DECISION: PRUNE
70,HSF15_cooler_transformer_4f668,4,7,PRUNE,0.8631570999859832,313,DECISION: PRUNE
71,HSF15_cooler_rnn_71f13,16,0,PRUNE,2.987985299958382,319,DECISION: PRUNE
71,HSF15_cooler_rnn_71f13,16,1,PRUNE,0.8516403999528848,319,DECISION: PRUNE
71,HSF15_cooler_rnn_71f13,16,2,PRUNE,0.8802821999997832,319,DECISION: PRUNE
71,HSF15_cooler_rnn_71f13,16,3,PRUNE,0.848377000016626,319,DECISION: PRUNE
71,HSF15_cooler_rnn_71f13,16,4,PRUNE,0.8403021999984048,319,DECISION: PRUNE
71,HSF15_cooler_rnn_71f13,16,5,PRUNE,0.8390468999859877,319,DECISION: PRUNE
71,HSF15_cooler_rnn_71f13,16,6,PRUNE,0.8395684999995865,319,DECISION: PRUNE
71,HSF15_cooler_rnn_71f13,16,7,PRUNE,0.8517531999968924,319,DECISION: PRUNE
72,HSF15_cooler_fcn_f5589,17,0,PRUNE,2.9857995999627747,319,DECISION: PRUNE
72,HSF15_cooler_fcn_f5589,17,1,PRUNE,0.8649513000273146,319,DECISION: PRUNE
72,HSF15_cooler_fcn_f5589,17,2,PRUNE,0.8740852000191808,319,DECISION: PRUNE
72,HSF15_cooler_fcn_f5589,17,3,PRUNE,0.8585338999982923,319,DECISION: PRUNE
72,HSF15_cooler_fcn_f5589,17,4,PRUNE,0.8566172999562696,319,DECISION: PRUNE
72,HSF15_cooler_fcn_f5589,17,5,PRUNE,0.8574610999785364,319,DECISION: PRUNE
72,HSF15_cooler_fcn_f5589,17,6,PRUNE,0.8392870999523439,319,DECISION: PRUNE
72,HSF15_cooler_fcn_f5589,17,7,PRUNE,0.8508954000426456,319,DECISION: PRUNE
73,HSF15_cooler_transformer_296e7,13,0,PRUNE,2.988807199988514,319,DECISION: PRUNE
73,HSF15_cooler_transformer_296e7,13,1,PRUNE,0.847888000018429,319,DECISION: PRUNE
73,HSF15_cooler_transformer_296e7,13,2,PRUNE,0.8581341999815777,319,DECISION: PRUNE
73,HSF15_cooler_transformer_296e7,13,3,PRUNE,0.8301979000098072,319,DECISION: PRUNE
73,HSF15_cooler_transformer_296e7,13,4,PRUNE,0.8541220999904908,319,DECISION: PRUNE
73,HSF15_cooler_transformer_296e7,13,5,PRUNE,0.8370344000286423,319,DECISION: PRUNE
73,HSF15_cooler_transformer_296e7,13,6,PRUNE,0.862676199991256,319,DECISION: PRUNE
73,HSF15_cooler_transformer_296e7,13,7,PRUNE,0.8499695000355132,319,DECISION: PRUNE
74,HSF15_cooler_fcn_2aef0,16,0,PRUNE,2.9905887999921106,319,DECISION: PRUNE
74,HSF15_cooler_fcn_2aef0,16,1,PRUNE,0.8588702999986708,319,DECISION: PRUNE
74,HSF15_cooler_fcn_2aef0,16,2,PRUNE,0.8926573999924585,319,DECISION: PRUNE
74,HSF15_cooler_fcn_2aef0,16,3,PRUNE,0.8479777000029571,319,DECISION: PRUNE
74,HSF15_cooler_fcn_2aef0,16,4,PRUNE,0.8502606999827549,319,DECISION: PRUNE
74,HSF15_cooler_fcn_2aef0,16,5,PRUNE,0.8550854000495747,319,DECISION: PRUNE
74,HSF15_cooler_fcn_2aef0,16,6,PRUNE,0.8486369000165723,319,DECISION: PRUNE
74,HSF15_cooler_fcn_2aef0,16,7,PRUNE,0.8454455999890342,319,DECISION: PRUNE
75,HSF15_cooler_transformer_5c4ab,15,0,PRUNE,3.0126093000289984,319,DECISION: PRUNE
75,HSF15_cooler_transformer_5c4ab,15,1,PRUNE,0.8532409999752417,319,DECISION: PRUNE
75,HSF15_cooler_transformer_5c4ab,15,2,PRUNE,0.8571073000202887,319,DECISION: PRUNE
75,HSF15_cooler_transformer_5c4ab,15,3,PRUNE,0.8718925999710336,319,DECISION: PRUNE
75,HSF15_cooler_transformer_5c4ab,15,4,PRUNE,0.8465747000300325,319,DECISION: PRUNE
75,HSF15_cooler_transformer_5c4ab,15,5,PRUNE,0.8766495999880135,319,DECISION: PRUNE
75,HSF15_cooler_transformer_5c4ab,15,6,PRUNE,0.8404740000260063,319,DECISION: PRUNE
75,HSF15_cooler_transformer_5c4ab,15,7,PRUNE,0.8447040999890305,319,DECISION: PRUNE
76,HSF15_cooler_rnn_e877c,42,0,PRUNE,2.9825172999990173,319,DECISION: PRUNE
76,HSF15_cooler_rnn_e877c,42,1,PRUNE,0.8627022000146098,319,DECISION: PRUNE
76,HSF15_cooler_rnn_e877c,42,2,PRUNE,0.8546307000215165,319,DECISION: PRUNE
76,HSF15_cooler_rnn_e877c,42,3,PRUNE,0.8912049000500701,319,DECISION: PRUNE
76,HSF15_cooler_rnn_e877c,42,4,PRUNE,0.8382063999888487,319,DECISION: PRUNE
76,HSF15_cooler_rnn_e877c,42,5,PRUNE,0.8482428999850526,319,DECISION: PRUNE
76,HSF15_cooler_rnn_e877c,42,6,PRUNE,0.8361277999938466,319,DECISION: PRUNE
76,HSF15_cooler_rnn_e877c,42,7,PRUNE,0.8635217000264674,319,DECISION: PRUNE
77,HSF15_cooler_fcn_92cfd,10,0,PRUNE,3.0071972000296228,319,DECISION: PRUNE
77,HSF15_cooler_fcn_92cfd,10,1,CONTINUE,0.8614511999767274,319,DECISION: CONTINUE
77,HSF15_cooler_fcn_92cfd,10,2,CONTINUE,0.8579229000024498,319,DECISION: CONTINUE
77,HSF15_cooler_fcn_92cfd,10,3,PRUNE,0.8480798000236973,319,DECISION: PRUNE
77,HSF15_cooler_fcn_92cfd,10,4,PRUNE,0.8505450999946333,319,DECISION: PRUNE
77,HSF15_cooler_fcn_92cfd,10,5,PRUNE,0.8559699000325054,319,DECISION: PRUNE
77,HSF15_cooler_fcn_92cfd,10,6,PRUNE,0.8363889999454841,319,DECISION: PRUNE
77,HSF15_cooler_fcn_92cfd,10,7,PRUNE,0.8593434000504203,319,DECISION: PRUNE
78,HSF15_cooler_fcn_54527,28,0,PRUNE,2.974750099994708,319,DECISION: PRUNE
78,HSF15_cooler_fcn_54527,28,1,PRUNE,0.8696013999870047,319,DECISION: PRUNE
78,HSF15_cooler_fcn_54527,28,2,PRUNE,0.8614921999978833,319,DECISION: PRUNE
78,HSF15_cooler_fcn_54527,28,3,PRUNE,0.8420198000385426,319,DECISION: PRUNE
78,HSF15_cooler_fcn_54527,28,4,PRUNE,0.8600304000428878,319,DECISION: PRUNE
78,HSF15_cooler_fcn_54527,28,5,PRUNE,0.8604562999680638,319,DECISION: PRUNE
78,HSF15_cooler_fcn_54527,28,6,PRUNE,0.8515402000048198,319,DECISION: PRUNE
78,HSF15_cooler_fcn_54527,28,7,PRUNE,0.8457749999943189,319,DECISION: PRUNE
79,HSF15_cooler_transformer_4f289,5,0,PRUNE,2.9975548000074923,319,DECISION: PRUNE
79,HSF15_cooler_transformer_4f289,5,1,PRUNE,0.9002149000298232,319,DECISION: PRUNE
79,HSF15_cooler_transformer_4f289,5,2,PRUNE,0.8433007000130601,319,DECISION: PRUNE
79,HSF15_cooler_transformer_4f289,5,3,PRUNE,0.8684290000237525,319,DECISION: PRUNE
79,HSF15_cooler_transformer_4f289,5,4,PRUNE,0.844870799977798,319,DECISION: PRUNE
79,HSF15_cooler_transformer_4f289,5,5,PRUNE,0.841160999960266,319,DECISION: PRUNE
79,HSF15_cooler_transformer_4f289,5,6,PRUNE,0.8487892000121064,319,DECISION: PRUNE
79,HSF15_cooler_transformer_4f289,5,7,PRUNE,0.8695021999883465,319,DECISION: PRUNE
